Name,Star_rating,Link
Turbolearn - AI Note Taker,4.646154,https://play.google.com/store/apps/details?id=ai.turbolearn
OtterAI Transcribe Voice Notes,4.3609815,https://play.google.com/store/apps/details?id=com.aisense.otter
"Notion: Notes, Tasks, AI",4.707243,https://play.google.com/store/apps/details?id=notion.id
Smart Noter - AI Note Taker,4.5277777,https://play.google.com/store/apps/details?id=com.codespaceapps.meetingtranscriber
Nebo: Note Taking for Students,4.4972067,https://play.google.com/store/apps/details?id=com.myscript.nebo
Notta-Transcribe Audio to Text,3.7227724,https://play.google.com/store/apps/details?id=com.langogo.transcribe
"AI Notebook: LLM Notes,Summary",4.7,https://play.google.com/store/apps/details?id=ai.notes.notebook
"Notein: Handwriting,Notes,PDFs",4.5412846,https://play.google.com/store/apps/details?id=com.orion.notein.global
Wave AI Note Taker,4.6415095,https://play.google.com/store/apps/details?id=com.ma.waveapp
Noteshelf 3: Digital Notes,4.29,https://play.google.com/store/apps/details?id=com.fluidtouch.noteshelf3
"NoteX: AI Note Taker, Notebook",4.7,https://play.google.com/store/apps/details?id=com.sota.ainotex
AI Note Taker - Meeting Notes,4.3977275,https://play.google.com/store/apps/details?id=com.feraset.ainote
Microsoft OneNote: Save Notes,4.6762776,https://play.google.com/store/apps/details?id=com.microsoft.office.onenote
Easy Notes - Note Taking Apps,4.72251,https://play.google.com/store/apps/details?id=easynotes.notes.notepad.notebook.privatenotes.note
Evernote - Note Organizer,3.2872813,https://play.google.com/store/apps/details?id=com.evernote
