Title,Decription,Reviews
BeforeSunset AI,Personalized AI daily planning that suits your life,144 reviews
Taskade,"Build a second brain for your team. Chat, organize, and get work done in one unified workspace.",329 reviews
General Task (Beta),Find whatâ€™s next in your workday.,9 reviews
Fathom,Never Take Notes Again - #1 Rated AI Notetaker - Free,524 reviews
Bloks,True Relationship Intelligence,40 reviews
Open-source AI Necklace - Friend,Transform your conversations into summaries and advice,6 reviews
NodeLand,Experience Visual Thinking. Transform notes into mind maps,No Reviews
Audionotes Pro,Turn Voice & Text notes into Structured Summaries & Content,11 reviews
AI Notebook App,AI Note Taker Like Your Second Brain,43 reviews
Snipo,Side-by-side AI notetaker for your videos,8 reviews
