Name,Rating,Reviews,Link
Turbolearn - AI Note Taker,4.6132317,N/A,https://play.google.com/store/apps/details?id=ai.turbolearn
OtterAI Transcribe Voice Notes,4.348538,N/A,https://play.google.com/store/apps/details?id=com.aisense.otter
"Notion: Notes, Tasks, AI",4.724521,N/A,https://play.google.com/store/apps/details?id=notion.id
"AI Notebook: LLM Notes,Summary",4.6907215,N/A,https://play.google.com/store/apps/details?id=ai.notes.notebook
Nebo: Note Taking for Students,4.5642457,N/A,https://play.google.com/store/apps/details?id=com.myscript.nebo
Notta-Transcribe Audio to Text,3.764706,N/A,https://play.google.com/store/apps/details?id=com.langogo.transcribe
​​Microsoft Copilot,4.740239,N/A,https://play.google.com/store/apps/details?id=com.microsoft.copilot
Smart Noter - AI Note Taker,4.4752474,N/A,https://play.google.com/store/apps/details?id=com.codespaceapps.meetingtranscriber
Microsoft OneNote: Save Notes,4.6760516,N/A,https://play.google.com/store/apps/details?id=com.microsoft.office.onenote
Notewise - Note-Taking & PDF,4.4159293,N/A,https://play.google.com/store/apps/details?id=com.yygg.note.app
"Notein: Handwriting,Notes,PDFs",4.5471697,N/A,https://play.google.com/store/apps/details?id=com.orion.notein.global
Noteshelf 3: Digital Notes,4.34,N/A,https://play.google.com/store/apps/details?id=com.fluidtouch.noteshelf3
Wave AI Note Taker,4.669903,N/A,https://play.google.com/store/apps/details?id=com.ma.waveapp
ColorNote Notepad Notes,4.879442,N/A,https://play.google.com/store/apps/details?id=com.socialnmobile.dictapps.notepad.color.note
"NoteX: AI Note Taker, Notebook",4.7,N/A,https://play.google.com/store/apps/details?id=com.sota.ainotex
AI Note Taker - Meeting Notes,4.3809524,N/A,https://play.google.com/store/apps/details?id=com.feraset.ainote
Easy Notes - Note Taking Apps,4.717166,N/A,https://play.google.com/store/apps/details?id=easynotes.notes.notepad.notebook.privatenotes.note
Evernote - Note Organizer,3.2717214,N/A,https://play.google.com/store/apps/details?id=com.evernote
Google Keep - Notes and lists,4.0543737,N/A,https://play.google.com/store/apps/details?id=com.google.android.keep
Note AI: Smart Note Taker,4.59434,N/A,https://play.google.com/store/apps/details?id=com.hubx.noteai
